{
    "fetchTicketData": {
        "schema": {
            "method": "GET",
            "path": "/api/v2/tickets/<%= context.id %>",
            "host": "<%= iparam.domain %>",
            "headers": {
                "Authorization": "Basic <%= encode(iparam.api_key) %>"
            }
        }
    },
    "fetchTicketNotes": {
        "schema": {
            "method": "GET",
            "path": "/api/v2/tickets/<%= context.id %>/conversations",
            "host": "<%= iparam.domain_mp %>",
            "headers": {
                "Authorization": "Basic <%= encode(iparam.apiKeyMp) %>"
            }
        }
    },
    "createTicket": {
        "schema": {
            "method": "POST",
            "path": "/api/v2/tickets",
            "host": "<%= iparam.domain_mp %>",
            "headers": {
                "Authorization": "Basic <%= encode(iparam.apiKeyMp) %>",
                "Content-Type": "application/json"
            }
        }
    },
    "createPrivateNote": {
        "schema": {
            "method": "POST",
            "path": "/api/v2/tickets/<%= context.id %>/notes",
            "host": "<%= iparam.domain %>",
            "headers": {
                "Authorization": "Basic <%= encode(iparam.api_key) %>",
                "Content-Type": "application/json"
            }
        }
    },
    "createPrivateNoteMP": {
        "schema": {
            "method": "POST",
            "path": "/api/v2/tickets/<%= context.id %>/notes",
            "host": "<%= iparam.domain_mp %>",
            "headers": {
                "Authorization": "Basic <%= encode(iparam.apiKeyMp) %>",
                "Content-Type": "application/json"
            }
        }
    },
    "fetchTicketFormFields": {
        "schema": {
            "method": "GET",
            "path": "/api/v2/ticket_form_fields",
            "host": "<%= context.domain %>",
            "headers": {
                "Authorization": "Basic <%= encode(context.api_key) %>"
            }
        }
    }
}